country,beer_servings,spirit_servings,wine_servings,total_litres_of_pure_alcohol,GhoCode,GhoDisplay,PublishStateCode,PublishStateDisplay,YearCode,YearDisplay,RegionCode,RegionDisplay,WorldBankIncomeGroupGroupCode,WorldBankIncomeGroupDisplay,CountryCode,CountryDisplay,SexCode,SexDisplay,DisplayValue,Numeric
Afghanistan,0,0,0,0.0,WHOSIS_000001,Life expectancy at birth (years),PUBLISHED,Published,2012,2012,EMR,Eastern Mediterranean,WB_LI,Low_income,AFG,Afghanistan,BTSX,Both sexes,60,60.0
Albania,89,132,54,4.8675,WHOSIS_000001,Life expectancy at birth (years),PUBLISHED,Published,2012,2012,EUR,Europe,WB_LMI,Lower_middle_income,ALB,Albania,BTSX,Both sexes,74,74.0
Algeria,25,0,14,0.6903,WHOSIS_000001,Life expectancy at birth (years),PUBLISHED,Published,2012,2012,AFR,Africa,WB_UMI,Upper_middle_income,DZA,Algeria,BTSX,Both sexes,72,72.0
Andorra,245,138,312,12.3015,WHOSIS_000001,Life expectancy at birth (years),PUBLISHED,Published,2012,2012,EUR,Europe,WB_HI,High_income,AND,Andorra,BTSX,Both sexes,83,83.0
Angola,217,57,45,5.6463,WHOSIS_000001,Life expectancy at birth (years),PUBLISHED,Published,2012,2012,AFR,Africa,WB_LMI,Lower_middle_income,AGO,Angola,BTSX,Both sexes,51,51.0
Antigua and Barbuda,102,128,45,4.8675,WHOSIS_000001,Life expectancy at birth (years),PUBLISHED,Published,2012,2012,AMR,Americas,WB_HI,High_income,ATG,Antigua and Barbuda,BTSX,Both sexes,75,75.0
Argentina,193,25,221,7.7703000000000015,WHOSIS_000001,Life expectancy at birth (years),PUBLISHED,Published,2012,2012,AMR,Americas,WB_UMI,Upper_middle_income,ARG,Argentina,BTSX,Both sexes,76,76.0
Armenia,21,179,11,3.7347,WHOSIS_000001,Life expectancy at birth (years),PUBLISHED,Published,2012,2012,EUR,Europe,WB_LMI,Lower_middle_income,ARM,Armenia,BTSX,Both sexes,71,71.0
Australia,261,72,212,9.6465,WHOSIS_000001,Life expectancy at birth (years),PUBLISHED,Published,2012,2012,WPR,Western Pacific,WB_HI,High_income,AUS,Australia,BTSX,Both sexes,83,83.0
Austria,279,75,191,9.6465,WHOSIS_000001,Life expectancy at birth (years),PUBLISHED,Published,2012,2012,EUR,Europe,WB_HI,High_income,AUT,Austria,BTSX,Both sexes,81,81.0
Azerbaijan,21,46,5,1.2744,WHOSIS_000001,Life expectancy at birth (years),PUBLISHED,Published,2012,2012,EUR,Europe,WB_LMI,Lower_middle_income,AZE,Azerbaijan,BTSX,Both sexes,72,72.0
Bahamas,122,176,0,5.2746,WHOSIS_000001,Life expectancy at birth (years),PUBLISHED,Published,2012,2012,AMR,Americas,WB_HI,High_income,BHS,Bahamas,BTSX,Both sexes,75,75.0
Bahrain,42,63,7,1.9824,WHOSIS_000001,Life expectancy at birth (years),PUBLISHED,Published,2012,2012,EMR,Eastern Mediterranean,WB_HI,High_income,BHR,Bahrain,BTSX,Both sexes,77,77.0
Bangladesh,0,0,0,0.0,WHOSIS_000001,Life expectancy at birth (years),PUBLISHED,Published,2012,2012,SEAR,South_East Asia,WB_LI,Low_income,BGD,Bangladesh,BTSX,Both sexes,70,70.0
Barbados,143,173,36,6.2304,WHOSIS_000001,Life expectancy at birth (years),PUBLISHED,Published,2012,2012,AMR,Americas,WB_HI,High_income,BRB,Barbados,BTSX,Both sexes,78,78.0
Belarus,142,373,42,9.8589,WHOSIS_000001,Life expectancy at birth (years),PUBLISHED,Published,2012,2012,EUR,Europe,WB_UMI,Upper_middle_income,BLR,Belarus,BTSX,Both sexes,72,72.0
Belgium,295,84,212,10.4607,WHOSIS_000001,Life expectancy at birth (years),PUBLISHED,Published,2012,2012,EUR,Europe,WB_HI,High_income,BEL,Belgium,BTSX,Both sexes,80,80.0
Belize,263,114,8,6.814500000000002,WHOSIS_000001,Life expectancy at birth (years),PUBLISHED,Published,2012,2012,AMR,Americas,WB_LMI,Lower_middle_income,BLZ,Belize,BTSX,Both sexes,75,75.0
Benin,34,4,13,0.9027,WHOSIS_000001,Life expectancy at birth (years),PUBLISHED,Published,2012,2012,AFR,Africa,WB_LI,Low_income,BEN,Benin,BTSX,Both sexes,59,59.0
Bhutan,23,0,0,0.4071,WHOSIS_000001,Life expectancy at birth (years),PUBLISHED,Published,2012,2012,SEAR,South_East Asia,WB_LMI,Lower_middle_income,BTN,Bhutan,BTSX,Both sexes,68,68.0
Bolivia (Plurinational State of),167,41,8,3.8232,WHOSIS_000001,Life expectancy at birth (years),PUBLISHED,Published,2012,2012,AMR,Americas,WB_LMI,Lower_middle_income,BOL,Bolivia (Plurinational State of),BTSX,Both sexes,68,68.0
Bosnia and Herzegovina,76,173,8,4.5489000000000015,WHOSIS_000001,Life expectancy at birth (years),PUBLISHED,Published,2012,2012,EUR,Europe,WB_UMI,Upper_middle_income,BIH,Bosnia and Herzegovina,BTSX,Both sexes,77,77.0
Botswana,173,35,35,4.3011,WHOSIS_000001,Life expectancy at birth (years),PUBLISHED,Published,2012,2012,AFR,Africa,WB_UMI,Upper_middle_income,BWA,Botswana,BTSX,Both sexes,62,62.0
Brazil,245,145,16,7.1862,WHOSIS_000001,Life expectancy at birth (years),PUBLISHED,Published,2012,2012,AMR,Americas,WB_UMI,Upper_middle_income,BRA,Brazil,BTSX,Both sexes,74,74.0
Brunei Darussalam,31,2,1,0.6018,WHOSIS_000001,Life expectancy at birth (years),PUBLISHED,Published,2012,2012,WPR,Western Pacific,WB_HI,High_income,BRN,Brunei Darussalam,BTSX,Both sexes,77,77.0
Bulgaria,231,252,94,10.2129,WHOSIS_000001,Life expectancy at birth (years),PUBLISHED,Published,2012,2012,EUR,Europe,WB_UMI,Upper_middle_income,BGR,Bulgaria,BTSX,Both sexes,74,74.0
Burkina Faso,25,7,7,0.6903,WHOSIS_000001,Life expectancy at birth (years),PUBLISHED,Published,2012,2012,AFR,Africa,WB_LI,Low_income,BFA,Burkina Faso,BTSX,Both sexes,58,58.0
Burundi,88,0,0,1.5576,WHOSIS_000001,Life expectancy at birth (years),PUBLISHED,Published,2012,2012,AFR,Africa,WB_LI,Low_income,BDI,Burundi,BTSX,Both sexes,56,56.0
Cabo Verde,144,56,16,3.8232,WHOSIS_000001,Life expectancy at birth (years),PUBLISHED,Published,2012,2012,AFR,Africa,WB_LMI,Lower_middle_income,CPV,Cabo Verde,BTSX,Both sexes,74,74.0
Cambodia,57,65,1,2.1771,WHOSIS_000001,Life expectancy at birth (years),PUBLISHED,Published,2012,2012,WPR,Western Pacific,WB_LI,Low_income,KHM,Cambodia,BTSX,Both sexes,72,72.0
Cameroon,147,1,4,2.6904000000000003,WHOSIS_000001,Life expectancy at birth (years),PUBLISHED,Published,2012,2012,AFR,Africa,WB_LMI,Lower_middle_income,CMR,Cameroon,BTSX,Both sexes,56,56.0
Canada,240,122,100,8.1774,WHOSIS_000001,Life expectancy at birth (years),PUBLISHED,Published,2012,2012,AMR,Americas,WB_HI,High_income,CAN,Canada,BTSX,Both sexes,82,82.0
Central African Republic,17,2,1,0.354,WHOSIS_000001,Life expectancy at birth (years),PUBLISHED,Published,2012,2012,AFR,Africa,WB_LI,Low_income,CAF,Central African Republic,BTSX,Both sexes,51,51.0
Chad,15,1,1,0.3009,WHOSIS_000001,Life expectancy at birth (years),PUBLISHED,Published,2012,2012,AFR,Africa,WB_LI,Low_income,TCD,Chad,BTSX,Both sexes,51,51.0
Chile,130,124,172,7.5402,WHOSIS_000001,Life expectancy at birth (years),PUBLISHED,Published,2012,2012,AMR,Americas,WB_UMI,Upper_middle_income,CHL,Chile,BTSX,Both sexes,80,80.0
China,79,192,8,4.938300000000001,WHOSIS_000001,Life expectancy at birth (years),PUBLISHED,Published,2012,2012,WPR,Western Pacific,WB_LMI,Lower_middle_income,CHN,China,BTSX,Both sexes,75,75.0
Colombia,159,76,3,4.212599999999999,WHOSIS_000001,Life expectancy at birth (years),PUBLISHED,Published,2012,2012,AMR,Americas,WB_UMI,Upper_middle_income,COL,Colombia,BTSX,Both sexes,79,79.0
Comoros,1,3,1,0.0885,WHOSIS_000001,Life expectancy at birth (years),PUBLISHED,Published,2012,2012,AFR,Africa,WB_LI,Low_income,COM,Comoros,BTSX,Both sexes,62,62.0
Congo,76,1,9,1.5222,WHOSIS_000001,Life expectancy at birth (years),PUBLISHED,Published,2012,2012,AFR,Africa,WB_LMI,Lower_middle_income,COG,Congo,BTSX,Both sexes,59,59.0
Cook Islands,0,254,74,5.8056,WHOSIS_000001,Life expectancy at birth (years),PUBLISHED,Published,2012,2012,WPR,Western Pacific,WB_HI,High_income,COK,Cook Islands,BTSX,Both sexes,76,76.0
Costa Rica,149,87,11,4.3719,WHOSIS_000001,Life expectancy at birth (years),PUBLISHED,Published,2012,2012,AMR,Americas,WB_UMI,Upper_middle_income,CRI,Costa Rica,BTSX,Both sexes,79,79.0
Côte d'Ivoire,37,1,7,0.7965000000000001,WHOSIS_000001,Life expectancy at birth (years),PUBLISHED,Published,2012,2012,AFR,Africa,WB_LMI,Lower_middle_income,CIV,Côte d'Ivoire,BTSX,Both sexes,53,53.0
Croatia,230,87,254,10.1067,WHOSIS_000001,Life expectancy at birth (years),PUBLISHED,Published,2012,2012,EUR,Europe,WB_HI,High_income,HRV,Croatia,BTSX,Both sexes,78,78.0
Cuba,93,137,5,4.1595,WHOSIS_000001,Life expectancy at birth (years),PUBLISHED,Published,2012,2012,AMR,Americas,WB_UMI,Upper_middle_income,CUB,Cuba,BTSX,Both sexes,79,79.0
Cyprus,192,154,113,8.1243,WHOSIS_000001,Life expectancy at birth (years),PUBLISHED,Published,2012,2012,EUR,Europe,WB_HI,High_income,CYP,Cyprus,BTSX,Both sexes,82,82.0
Czech Republic,361,170,134,11.7705,WHOSIS_000001,Life expectancy at birth (years),PUBLISHED,Published,2012,2012,EUR,Europe,WB_HI,High_income,CZE,Czech Republic,BTSX,Both sexes,78,78.0
Denmark,224,0,278,8.8854,WHOSIS_000001,Life expectancy at birth (years),PUBLISHED,Published,2012,2012,EUR,Europe,WB_HI,High_income,DNK,Denmark,BTSX,Both sexes,80,80.0
Djibouti,15,44,3,1.0974,WHOSIS_000001,Life expectancy at birth (years),PUBLISHED,Published,2012,2012,EMR,Eastern Mediterranean,WB_LMI,Lower_middle_income,DJI,Djibouti,BTSX,Both sexes,61,61.0
Dominica,52,286,26,6.4428,WHOSIS_000001,Life expectancy at birth (years),PUBLISHED,Published,2012,2012,AMR,Americas,WB_UMI,Upper_middle_income,DMA,Dominica,BTSX,Both sexes,75,75.0
Dominican Republic,193,147,9,6.177300000000002,WHOSIS_000001,Life expectancy at birth (years),PUBLISHED,Published,2012,2012,AMR,Americas,WB_UMI,Upper_middle_income,DOM,Dominican Republic,BTSX,Both sexes,77,77.0
Democratic Republic of the Congo,32,3,1,0.6372000000000001,WHOSIS_000001,Life expectancy at birth (years),PUBLISHED,Published,2012,2012,AFR,Africa,WB_LI,Low_income,COD,Democratic Republic of the Congo,BTSX,Both sexes,52,52.0
Ecuador,162,74,3,4.2303,WHOSIS_000001,Life expectancy at birth (years),PUBLISHED,Published,2012,2012,AMR,Americas,WB_LMI,Lower_middle_income,ECU,Ecuador,BTSX,Both sexes,75,75.0
Egypt,6,4,1,0.1947,WHOSIS_000001,Life expectancy at birth (years),PUBLISHED,Published,2012,2012,EMR,Eastern Mediterranean,WB_LMI,Lower_middle_income,EGY,Egypt,BTSX,Both sexes,71,71.0
El Salvador,52,69,2,2.1771000000000003,WHOSIS_000001,Life expectancy at birth (years),PUBLISHED,Published,2012,2012,AMR,Americas,WB_LMI,Lower_middle_income,SLV,El Salvador,BTSX,Both sexes,72,72.0
Equatorial Guinea,92,0,233,5.7525,WHOSIS_000001,Life expectancy at birth (years),PUBLISHED,Published,2012,2012,AFR,Africa,WB_HI,High_income,GNQ,Equatorial Guinea,BTSX,Both sexes,55,55.0
Eritrea,18,0,0,0.3186,WHOSIS_000001,Life expectancy at birth (years),PUBLISHED,Published,2012,2012,AFR,Africa,WB_LI,Low_income,ERI,Eritrea,BTSX,Both sexes,63,63.0
Estonia,224,194,59,8.4429,WHOSIS_000001,Life expectancy at birth (years),PUBLISHED,Published,2012,2012,EUR,Europe,WB_HI,High_income,EST,Estonia,BTSX,Both sexes,77,77.0
Ethiopia,20,3,0,0.4071,WHOSIS_000001,Life expectancy at birth (years),PUBLISHED,Published,2012,2012,AFR,Africa,WB_LI,Low_income,ETH,Ethiopia,BTSX,Both sexes,64,64.0
Fiji,77,35,1,2.0001,WHOSIS_000001,Life expectancy at birth (years),PUBLISHED,Published,2012,2012,WPR,Western Pacific,WB_UMI,Upper_middle_income,FJI,Fiji,BTSX,Both sexes,69,69.0
Finland,263,133,97,8.7261,WHOSIS_000001,Life expectancy at birth (years),PUBLISHED,Published,2012,2012,EUR,Europe,WB_HI,High_income,FIN,Finland,BTSX,Both sexes,81,81.0
France,127,151,370,11.4696,WHOSIS_000001,Life expectancy at birth (years),PUBLISHED,Published,2012,2012,EUR,Europe,WB_HI,High_income,FRA,France,BTSX,Both sexes,82,82.0
Gabon,347,98,59,8.9208,WHOSIS_000001,Life expectancy at birth (years),PUBLISHED,Published,2012,2012,AFR,Africa,WB_UMI,Upper_middle_income,GAB,Gabon,BTSX,Both sexes,63,63.0
Gambia,8,0,1,0.1593,WHOSIS_000001,Life expectancy at birth (years),PUBLISHED,Published,2012,2012,AFR,Africa,WB_LI,Low_income,GMB,Gambia,BTSX,Both sexes,61,61.0
Georgia,52,100,149,5.3277,WHOSIS_000001,Life expectancy at birth (years),PUBLISHED,Published,2012,2012,EUR,Europe,WB_LMI,Lower_middle_income,GEO,Georgia,BTSX,Both sexes,74,74.0
Germany,346,117,175,11.2926,WHOSIS_000001,Life expectancy at birth (years),PUBLISHED,Published,2012,2012,EUR,Europe,WB_HI,High_income,DEU,Germany,BTSX,Both sexes,81,81.0
Ghana,31,3,10,0.7787999999999999,WHOSIS_000001,Life expectancy at birth (years),PUBLISHED,Published,2012,2012,AFR,Africa,WB_LI,Low_income,GHA,Ghana,BTSX,Both sexes,62,62.0
Greece,133,112,218,8.1951,WHOSIS_000001,Life expectancy at birth (years),PUBLISHED,Published,2012,2012,EUR,Europe,WB_HI,High_income,GRC,Greece,BTSX,Both sexes,81,81.0
Grenada,199,438,28,11.7705,WHOSIS_000001,Life expectancy at birth (years),PUBLISHED,Published,2012,2012,AMR,Americas,WB_UMI,Upper_middle_income,GRD,Grenada,BTSX,Both sexes,73,73.0
Guatemala,53,69,2,2.1948000000000003,WHOSIS_000001,Life expectancy at birth (years),PUBLISHED,Published,2012,2012,AMR,Americas,WB_LMI,Lower_middle_income,GTM,Guatemala,BTSX,Both sexes,72,72.0
Guinea,9,0,2,0.1947,WHOSIS_000001,Life expectancy at birth (years),PUBLISHED,Published,2012,2012,AFR,Africa,WB_LI,Low_income,GIN,Guinea,BTSX,Both sexes,58,58.0
Guinea_Bissau,28,31,21,1.416,WHOSIS_000001,Life expectancy at birth (years),PUBLISHED,Published,2012,2012,AFR,Africa,WB_LI,Low_income,GNB,Guinea_Bissau,BTSX,Both sexes,54,54.0
Guyana,93,302,1,7.009199999999999,WHOSIS_000001,Life expectancy at birth (years),PUBLISHED,Published,2012,2012,AMR,Americas,WB_LMI,Lower_middle_income,GUY,Guyana,BTSX,Both sexes,63,63.0
Haiti,1,326,1,5.805599999999999,WHOSIS_000001,Life expectancy at birth (years),PUBLISHED,Published,2012,2012,AMR,Americas,WB_LI,Low_income,HTI,Haiti,BTSX,Both sexes,62,62.0
Honduras,69,98,2,2.9913,WHOSIS_000001,Life expectancy at birth (years),PUBLISHED,Published,2012,2012,AMR,Americas,WB_LMI,Lower_middle_income,HND,Honduras,BTSX,Both sexes,74,74.0
Hungary,234,215,185,11.2218,WHOSIS_000001,Life expectancy at birth (years),PUBLISHED,Published,2012,2012,EUR,Europe,WB_HI,High_income,HUN,Hungary,BTSX,Both sexes,75,75.0
Iceland,233,61,78,6.5844000000000005,WHOSIS_000001,Life expectancy at birth (years),PUBLISHED,Published,2012,2012,EUR,Europe,WB_HI,High_income,ISL,Iceland,BTSX,Both sexes,82,82.0
India,9,114,0,2.1771,WHOSIS_000001,Life expectancy at birth (years),PUBLISHED,Published,2012,2012,SEAR,South_East Asia,WB_LMI,Lower_middle_income,IND,India,BTSX,Both sexes,66,66.0
Indonesia,5,1,0,0.1062,WHOSIS_000001,Life expectancy at birth (years),PUBLISHED,Published,2012,2012,SEAR,South_East Asia,WB_LMI,Lower_middle_income,IDN,Indonesia,BTSX,Both sexes,71,71.0
Iran (Islamic Republic of),0,0,0,0.0,WHOSIS_000001,Life expectancy at birth (years),PUBLISHED,Published,2012,2012,EMR,Eastern Mediterranean,WB_LMI,Lower_middle_income,IRN,Iran (Islamic Republic of),BTSX,Both sexes,74,74.0
Iraq,9,3,0,0.2124,WHOSIS_000001,Life expectancy at birth (years),PUBLISHED,Published,2012,2012,EMR,Eastern Mediterranean,WB_LMI,Lower_middle_income,IRQ,Iraq,BTSX,Both sexes,70,70.0
Ireland,313,118,165,10.5492,WHOSIS_000001,Life expectancy at birth (years),PUBLISHED,Published,2012,2012,EUR,Europe,WB_HI,High_income,IRL,Ireland,BTSX,Both sexes,81,81.0
Israel,63,69,9,2.4957000000000003,WHOSIS_000001,Life expectancy at birth (years),PUBLISHED,Published,2012,2012,EUR,Europe,WB_HI,High_income,ISR,Israel,BTSX,Both sexes,82,82.0
Italy,85,42,237,6.4428,WHOSIS_000001,Life expectancy at birth (years),PUBLISHED,Published,2012,2012,EUR,Europe,WB_HI,High_income,ITA,Italy,BTSX,Both sexes,83,83.0
Jamaica,82,97,9,3.3276000000000003,WHOSIS_000001,Life expectancy at birth (years),PUBLISHED,Published,2012,2012,AMR,Americas,WB_UMI,Upper_middle_income,JAM,Jamaica,BTSX,Both sexes,74,74.0
Japan,77,202,16,5.2215,WHOSIS_000001,Life expectancy at birth (years),PUBLISHED,Published,2012,2012,WPR,Western Pacific,WB_HI,High_income,JPN,Japan,BTSX,Both sexes,84,84.0
Jordan,6,21,1,0.4956,WHOSIS_000001,Life expectancy at birth (years),PUBLISHED,Published,2012,2012,EMR,Eastern Mediterranean,WB_LMI,Lower_middle_income,JOR,Jordan,BTSX,Both sexes,74,74.0
Kazakhstan,124,246,12,6.761399999999999,WHOSIS_000001,Life expectancy at birth (years),PUBLISHED,Published,2012,2012,EUR,Europe,WB_UMI,Upper_middle_income,KAZ,Kazakhstan,BTSX,Both sexes,68,68.0
Kenya,58,22,2,1.4514,WHOSIS_000001,Life expectancy at birth (years),PUBLISHED,Published,2012,2012,AFR,Africa,WB_LI,Low_income,KEN,Kenya,BTSX,Both sexes,61,61.0
Kiribati,21,34,1,0.9912,WHOSIS_000001,Life expectancy at birth (years),PUBLISHED,Published,2012,2012,WPR,Western Pacific,WB_LMI,Lower_middle_income,KIR,Kiribati,BTSX,Both sexes,66,66.0
Kuwait,0,0,0,0.0,WHOSIS_000001,Life expectancy at birth (years),PUBLISHED,Published,2012,2012,EMR,Eastern Mediterranean,WB_HI,High_income,KWT,Kuwait,BTSX,Both sexes,78,78.0
Kyrgyzstan,31,97,6,2.3718,WHOSIS_000001,Life expectancy at birth (years),PUBLISHED,Published,2012,2012,EUR,Europe,WB_LI,Low_income,KGZ,Kyrgyzstan,BTSX,Both sexes,69,69.0
Lao People's Democratic Republic,62,0,123,3.2745,WHOSIS_000001,Life expectancy at birth (years),PUBLISHED,Published,2012,2012,WPR,Western Pacific,WB_LI,Low_income,LAO,Lao People's Democratic Republic,BTSX,Both sexes,66,66.0
Latvia,281,216,62,9.8943,WHOSIS_000001,Life expectancy at birth (years),PUBLISHED,Published,2012,2012,EUR,Europe,WB_UMI,Upper_middle_income,LVA,Latvia,BTSX,Both sexes,74,74.0
Lebanon,20,55,31,1.8762,WHOSIS_000001,Life expectancy at birth (years),PUBLISHED,Published,2012,2012,EMR,Eastern Mediterranean,WB_UMI,Upper_middle_income,LBN,Lebanon,BTSX,Both sexes,80,80.0
Lesotho,82,29,0,1.9647,WHOSIS_000001,Life expectancy at birth (years),PUBLISHED,Published,2012,2012,AFR,Africa,WB_LMI,Lower_middle_income,LSO,Lesotho,BTSX,Both sexes,50,50.0
Liberia,19,152,2,3.0621,WHOSIS_000001,Life expectancy at birth (years),PUBLISHED,Published,2012,2012,AFR,Africa,WB_LI,Low_income,LBR,Liberia,BTSX,Both sexes,62,62.0
Libya,0,0,0,0.0,WHOSIS_000001,Life expectancy at birth (years),PUBLISHED,Published,2012,2012,EMR,Eastern Mediterranean,WB_UMI,Upper_middle_income,LBY,Libya,BTSX,Both sexes,75,75.0
Lithuania,343,244,56,11.3811,WHOSIS_000001,Life expectancy at birth (years),PUBLISHED,Published,2012,2012,EUR,Europe,WB_UMI,Upper_middle_income,LTU,Lithuania,BTSX,Both sexes,74,74.0
Luxembourg,236,133,271,11.328,WHOSIS_000001,Life expectancy at birth (years),PUBLISHED,Published,2012,2012,EUR,Europe,WB_HI,High_income,LUX,Luxembourg,BTSX,Both sexes,82,82.0
The former Yugoslav republic of Macedonia,0,27,86,2.0001,WHOSIS_000001,Life expectancy at birth (years),PUBLISHED,Published,2012,2012,EUR,Europe,WB_UMI,Upper_middle_income,MKD,The former Yugoslav republic of Macedonia,BTSX,Both sexes,76,76.0
Madagascar,26,15,4,0.7965,WHOSIS_000001,Life expectancy at birth (years),PUBLISHED,Published,2012,2012,AFR,Africa,WB_LI,Low_income,MDG,Madagascar,BTSX,Both sexes,64,64.0
Malawi,8,11,1,0.35400000000000004,WHOSIS_000001,Life expectancy at birth (years),PUBLISHED,Published,2012,2012,AFR,Africa,WB_LI,Low_income,MWI,Malawi,BTSX,Both sexes,59,59.0
Malaysia,13,4,0,0.3009,WHOSIS_000001,Life expectancy at birth (years),PUBLISHED,Published,2012,2012,WPR,Western Pacific,WB_UMI,Upper_middle_income,MYS,Malaysia,BTSX,Both sexes,74,74.0
Maldives,0,0,0,0.0,WHOSIS_000001,Life expectancy at birth (years),PUBLISHED,Published,2012,2012,SEAR,South_East Asia,WB_LMI,Lower_middle_income,MDV,Maldives,BTSX,Both sexes,77,77.0
Mali,5,1,1,0.12389999999999997,WHOSIS_000001,Life expectancy at birth (years),PUBLISHED,Published,2012,2012,AFR,Africa,WB_LI,Low_income,MLI,Mali,BTSX,Both sexes,57,57.0
Malta,149,100,120,6.5313,WHOSIS_000001,Life expectancy at birth (years),PUBLISHED,Published,2012,2012,EUR,Europe,WB_HI,High_income,MLT,Malta,BTSX,Both sexes,81,81.0
Marshall Islands,0,0,0,0.0,WHOSIS_000001,Life expectancy at birth (years),PUBLISHED,Published,2012,2012,WPR,Western Pacific,WB_LMI,Lower_middle_income,MHL,Marshall Islands,BTSX,Both sexes,70,70.0
Mauritania,0,0,0,0.0,WHOSIS_000001,Life expectancy at birth (years),PUBLISHED,Published,2012,2012,AFR,Africa,WB_LI,Low_income,MRT,Mauritania,BTSX,Both sexes,63,63.0
Mauritius,98,31,18,2.6019,WHOSIS_000001,Life expectancy at birth (years),PUBLISHED,Published,2012,2012,AFR,Africa,WB_UMI,Upper_middle_income,MUS,Mauritius,BTSX,Both sexes,74,74.0
Mexico,238,68,5,5.5047,WHOSIS_000001,Life expectancy at birth (years),PUBLISHED,Published,2012,2012,AMR,Americas,WB_UMI,Upper_middle_income,MEX,Mexico,BTSX,Both sexes,76,76.0
Micronesia (Federated States of),62,50,18,2.301,WHOSIS_000001,Life expectancy at birth (years),PUBLISHED,Published,2012,2012,WPR,Western Pacific,WB_LMI,Lower_middle_income,FSM,Micronesia (Federated States of),BTSX,Both sexes,69,69.0
Republic of Moldova,109,226,18,6.248100000000001,WHOSIS_000001,Life expectancy at birth (years),PUBLISHED,Published,2012,2012,EUR,Europe,WB_LMI,Lower_middle_income,MDA,Republic of Moldova,BTSX,Both sexes,71,71.0
Monaco,0,0,0,0.0,WHOSIS_000001,Life expectancy at birth (years),PUBLISHED,Published,2012,2012,EUR,Europe,WB_HI,High_income,MCO,Monaco,BTSX,Both sexes,82,82.0
Mongolia,77,189,8,4.8498,WHOSIS_000001,Life expectancy at birth (years),PUBLISHED,Published,2012,2012,WPR,Western Pacific,WB_LMI,Lower_middle_income,MNG,Mongolia,BTSX,Both sexes,67,67.0
Montenegro,31,114,128,4.8321,WHOSIS_000001,Life expectancy at birth (years),PUBLISHED,Published,2012,2012,EUR,Europe,WB_UMI,Upper_middle_income,MNE,Montenegro,BTSX,Both sexes,76,76.0
Morocco,12,6,10,0.4956,WHOSIS_000001,Life expectancy at birth (years),PUBLISHED,Published,2012,2012,EMR,Eastern Mediterranean,WB_LMI,Lower_middle_income,MAR,Morocco,BTSX,Both sexes,71,71.0
Mozambique,47,18,5,1.239,WHOSIS_000001,Life expectancy at birth (years),PUBLISHED,Published,2012,2012,AFR,Africa,WB_LI,Low_income,MOZ,Mozambique,BTSX,Both sexes,53,53.0
Myanmar,5,1,0,0.1062,WHOSIS_000001,Life expectancy at birth (years),PUBLISHED,Published,2012,2012,SEAR,South_East Asia,WB_LI,Low_income,MMR,Myanmar,BTSX,Both sexes,66,66.0
Namibia,376,3,1,6.725999999999999,WHOSIS_000001,Life expectancy at birth (years),PUBLISHED,Published,2012,2012,AFR,Africa,WB_UMI,Upper_middle_income,NAM,Namibia,BTSX,Both sexes,67,67.0
Nauru,49,0,8,1.0089,WHOSIS_000001,Life expectancy at birth (years),PUBLISHED,Published,2012,2012,WPR,Western Pacific,WB_HI,High_income,NRU,Nauru,BTSX,Both sexes,79,79.0
Nepal,5,6,0,0.1947,WHOSIS_000001,Life expectancy at birth (years),PUBLISHED,Published,2012,2012,SEAR,South_East Asia,WB_LI,Low_income,NPL,Nepal,BTSX,Both sexes,68,68.0
Netherlands,251,88,190,9.3633,WHOSIS_000001,Life expectancy at birth (years),PUBLISHED,Published,2012,2012,EUR,Europe,WB_HI,High_income,NLD,Netherlands,BTSX,Both sexes,81,81.0
New Zealand,203,79,175,8.0889,WHOSIS_000001,Life expectancy at birth (years),PUBLISHED,Published,2012,2012,WPR,Western Pacific,WB_HI,High_income,NZL,New Zealand,BTSX,Both sexes,82,82.0
Nicaragua,78,118,1,3.4869,WHOSIS_000001,Life expectancy at birth (years),PUBLISHED,Published,2012,2012,AMR,Americas,WB_LMI,Lower_middle_income,NIC,Nicaragua,BTSX,Both sexes,73,73.0
Niger,3,2,1,0.1062,WHOSIS_000001,Life expectancy at birth (years),PUBLISHED,Published,2012,2012,AFR,Africa,WB_LI,Low_income,NER,Niger,BTSX,Both sexes,59,59.0
Nigeria,42,5,2,0.8673,WHOSIS_000001,Life expectancy at birth (years),PUBLISHED,Published,2012,2012,AFR,Africa,WB_LMI,Lower_middle_income,NGA,Nigeria,BTSX,Both sexes,54,54.0
Niue,188,200,7,6.9914999999999985,WHOSIS_000001,Life expectancy at birth (years),PUBLISHED,Published,2012,2012,WPR,Western Pacific,WB_LI,Low_income,NIU,Niue,BTSX,Both sexes,74,74.0
Democratic People's Republic of Korea,0,0,0,0.0,WHOSIS_000001,Life expectancy at birth (years),PUBLISHED,Published,2012,2012,SEAR,South_East Asia,WB_LI,Low_income,PRK,Democratic People's Republic of Korea,BTSX,Both sexes,70,70.0
Norway,169,71,129,6.5313,WHOSIS_000001,Life expectancy at birth (years),PUBLISHED,Published,2012,2012,EUR,Europe,WB_HI,High_income,NOR,Norway,BTSX,Both sexes,82,82.0
Oman,22,16,1,0.6903000000000001,WHOSIS_000001,Life expectancy at birth (years),PUBLISHED,Published,2012,2012,EMR,Eastern Mediterranean,WB_HI,High_income,OMN,Oman,BTSX,Both sexes,76,76.0
Pakistan,0,0,0,0.0,WHOSIS_000001,Life expectancy at birth (years),PUBLISHED,Published,2012,2012,EMR,Eastern Mediterranean,WB_LMI,Lower_middle_income,PAK,Pakistan,BTSX,Both sexes,65,65.0
Palau,306,63,23,6.9384,WHOSIS_000001,Life expectancy at birth (years),PUBLISHED,Published,2012,2012,WPR,Western Pacific,WB_UMI,Upper_middle_income,PLW,Palau,BTSX,Both sexes,73,73.0
Panama,285,104,18,7.2039,WHOSIS_000001,Life expectancy at birth (years),PUBLISHED,Published,2012,2012,AMR,Americas,WB_UMI,Upper_middle_income,PAN,Panama,BTSX,Both sexes,77,77.0
Papua New Guinea,44,39,1,1.4868,WHOSIS_000001,Life expectancy at birth (years),PUBLISHED,Published,2012,2012,WPR,Western Pacific,WB_LMI,Lower_middle_income,PNG,Papua New Guinea,BTSX,Both sexes,62,62.0
Paraguay,213,117,74,7.1507999999999985,WHOSIS_000001,Life expectancy at birth (years),PUBLISHED,Published,2012,2012,AMR,Americas,WB_LMI,Lower_middle_income,PRY,Paraguay,BTSX,Both sexes,75,75.0
Peru,163,160,21,6.0888,WHOSIS_000001,Life expectancy at birth (years),PUBLISHED,Published,2012,2012,AMR,Americas,WB_UMI,Upper_middle_income,PER,Peru,BTSX,Both sexes,77,77.0
Philippines,71,186,1,4.566599999999998,WHOSIS_000001,Life expectancy at birth (years),PUBLISHED,Published,2012,2012,WPR,Western Pacific,WB_LMI,Lower_middle_income,PHL,Philippines,BTSX,Both sexes,69,69.0
Poland,343,215,56,10.8678,WHOSIS_000001,Life expectancy at birth (years),PUBLISHED,Published,2012,2012,EUR,Europe,WB_UMI,Upper_middle_income,POL,Poland,BTSX,Both sexes,77,77.0
Portugal,194,67,339,10.62,WHOSIS_000001,Life expectancy at birth (years),PUBLISHED,Published,2012,2012,EUR,Europe,WB_HI,High_income,PRT,Portugal,BTSX,Both sexes,81,81.0
Qatar,1,42,7,0.885,WHOSIS_000001,Life expectancy at birth (years),PUBLISHED,Published,2012,2012,EMR,Eastern Mediterranean,WB_HI,High_income,QAT,Qatar,BTSX,Both sexes,79,79.0
Romania,297,122,167,10.3722,WHOSIS_000001,Life expectancy at birth (years),PUBLISHED,Published,2012,2012,EUR,Europe,WB_UMI,Upper_middle_income,ROU,Romania,BTSX,Both sexes,74,74.0
Russian Federation,247,326,73,11.4342,WHOSIS_000001,Life expectancy at birth (years),PUBLISHED,Published,2012,2012,EUR,Europe,WB_UMI,Upper_middle_income,RUS,Russian Federation,BTSX,Both sexes,69,69.0
Rwanda,43,2,0,0.7965,WHOSIS_000001,Life expectancy at birth (years),PUBLISHED,Published,2012,2012,AFR,Africa,WB_LI,Low_income,RWA,Rwanda,BTSX,Both sexes,65,65.0
Samoa,105,18,24,2.6019,WHOSIS_000001,Life expectancy at birth (years),PUBLISHED,Published,2012,2012,WPR,Western Pacific,WB_LMI,Lower_middle_income,WSM,Samoa,BTSX,Both sexes,73,73.0
San Marino,0,0,0,0.0,WHOSIS_000001,Life expectancy at birth (years),PUBLISHED,Published,2012,2012,EUR,Europe,WB_HI,High_income,SMR,San Marino,BTSX,Both sexes,83,83.0
Sao Tome and Principe,56,38,140,4.1418,WHOSIS_000001,Life expectancy at birth (years),PUBLISHED,Published,2012,2012,AFR,Africa,WB_LMI,Lower_middle_income,STP,Sao Tome and Principe,BTSX,Both sexes,67,67.0
Saudi Arabia,0,5,0,0.0885,WHOSIS_000001,Life expectancy at birth (years),PUBLISHED,Published,2012,2012,EMR,Eastern Mediterranean,WB_HI,High_income,SAU,Saudi Arabia,BTSX,Both sexes,76,76.0
Senegal,9,1,7,0.3009,WHOSIS_000001,Life expectancy at birth (years),PUBLISHED,Published,2012,2012,AFR,Africa,WB_LI,Low_income,SEN,Senegal,BTSX,Both sexes,64,64.0
Serbia,283,131,127,9.5757,WHOSIS_000001,Life expectancy at birth (years),PUBLISHED,Published,2012,2012,EUR,Europe,WB_UMI,Upper_middle_income,SRB,Serbia,BTSX,Both sexes,75,75.0
Seychelles,157,25,51,4.1241,WHOSIS_000001,Life expectancy at birth (years),PUBLISHED,Published,2012,2012,AFR,Africa,WB_UMI,Upper_middle_income,SYC,Seychelles,BTSX,Both sexes,74,74.0
Sierra Leone,25,3,2,0.531,WHOSIS_000001,Life expectancy at birth (years),PUBLISHED,Published,2012,2012,AFR,Africa,WB_LI,Low_income,SLE,Sierra Leone,BTSX,Both sexes,46,46.0
Singapore,60,12,11,1.4691,WHOSIS_000001,Life expectancy at birth (years),PUBLISHED,Published,2012,2012,WPR,Western Pacific,WB_HI,High_income,SGP,Singapore,BTSX,Both sexes,83,83.0
Slovakia,196,293,116,10.7085,WHOSIS_000001,Life expectancy at birth (years),PUBLISHED,Published,2012,2012,EUR,Europe,WB_HI,High_income,SVK,Slovakia,BTSX,Both sexes,76,76.0
Slovenia,270,51,276,10.5669,WHOSIS_000001,Life expectancy at birth (years),PUBLISHED,Published,2012,2012,EUR,Europe,WB_HI,High_income,SVN,Slovenia,BTSX,Both sexes,80,80.0
Solomon Islands,56,11,1,1.2036,WHOSIS_000001,Life expectancy at birth (years),PUBLISHED,Published,2012,2012,WPR,Western Pacific,WB_LMI,Lower_middle_income,SLB,Solomon Islands,BTSX,Both sexes,69,69.0
Somalia,0,0,0,0.0,WHOSIS_000001,Life expectancy at birth (years),PUBLISHED,Published,2012,2012,EMR,Eastern Mediterranean,WB_LI,Low_income,SOM,Somalia,BTSX,Both sexes,53,53.0
South Africa,225,76,81,6.7614,WHOSIS_000001,Life expectancy at birth (years),PUBLISHED,Published,2012,2012,AFR,Africa,WB_UMI,Upper_middle_income,ZAF,South Africa,BTSX,Both sexes,59,59.0
Republic of Korea,140,16,9,2.9205,WHOSIS_000001,Life expectancy at birth (years),PUBLISHED,Published,2012,2012,WPR,Western Pacific,WB_HI,High_income,KOR,Republic of Korea,BTSX,Both sexes,81,81.0
Spain,284,157,112,9.7881,WHOSIS_000001,Life expectancy at birth (years),PUBLISHED,Published,2012,2012,EUR,Europe,WB_HI,High_income,ESP,Spain,BTSX,Both sexes,82,82.0
Sri Lanka,16,104,0,2.124,WHOSIS_000001,Life expectancy at birth (years),PUBLISHED,Published,2012,2012,SEAR,South_East Asia,WB_LMI,Lower_middle_income,LKA,Sri Lanka,BTSX,Both sexes,75,75.0
Saint Kitts and Nevis,194,205,32,7.6287,WHOSIS_000001,Life expectancy at birth (years),PUBLISHED,Published,2012,2012,AMR,Americas,WB_UMI,Upper_middle_income,KNA,Saint Kitts and Nevis,BTSX,Both sexes,74,74.0
Saint Lucia,171,315,71,9.8589,WHOSIS_000001,Life expectancy at birth (years),PUBLISHED,Published,2012,2012,AMR,Americas,WB_UMI,Upper_middle_income,LCA,Saint Lucia,BTSX,Both sexes,75,75.0
Saint Vincent and the Grenadines,120,221,11,6.2304,WHOSIS_000001,Life expectancy at birth (years),PUBLISHED,Published,2012,2012,AMR,Americas,WB_UMI,Upper_middle_income,VCT,Saint Vincent and the Grenadines,BTSX,Both sexes,74,74.0
Sudan,8,13,0,0.3717,WHOSIS_000001,Life expectancy at birth (years),PUBLISHED,Published,2012,2012,EMR,Eastern Mediterranean,WB_LMI,Lower_middle_income,SDN,Sudan,BTSX,Both sexes,63,63.0
Suriname,128,178,7,5.5401,WHOSIS_000001,Life expectancy at birth (years),PUBLISHED,Published,2012,2012,AMR,Americas,WB_UMI,Upper_middle_income,SUR,Suriname,BTSX,Both sexes,77,77.0
Swaziland,90,2,2,1.6638000000000002,WHOSIS_000001,Life expectancy at birth (years),PUBLISHED,Published,2012,2012,AFR,Africa,WB_LMI,Lower_middle_income,SWZ,Swaziland,BTSX,Both sexes,54,54.0
Sweden,152,60,186,7.044599999999999,WHOSIS_000001,Life expectancy at birth (years),PUBLISHED,Published,2012,2012,EUR,Europe,WB_HI,High_income,SWE,Sweden,BTSX,Both sexes,82,82.0
Switzerland,185,100,280,10.0005,WHOSIS_000001,Life expectancy at birth (years),PUBLISHED,Published,2012,2012,EUR,Europe,WB_HI,High_income,CHE,Switzerland,BTSX,Both sexes,83,83.0
Syrian Arab Republic,5,35,16,0.9912,WHOSIS_000001,Life expectancy at birth (years),PUBLISHED,Published,2012,2012,EMR,Eastern Mediterranean,WB_LMI,Lower_middle_income,SYR,Syrian Arab Republic,BTSX,Both sexes,68,68.0
Tajikistan,2,15,0,0.3009,WHOSIS_000001,Life expectancy at birth (years),PUBLISHED,Published,2012,2012,EUR,Europe,WB_LI,Low_income,TJK,Tajikistan,BTSX,Both sexes,68,68.0
United Republic of Tanzania,36,6,1,0.7611,WHOSIS_000001,Life expectancy at birth (years),PUBLISHED,Published,2012,2012,AFR,Africa,WB_LI,Low_income,TZA,United Republic of Tanzania,BTSX,Both sexes,61,61.0
Thailand,99,258,1,6.3366,WHOSIS_000001,Life expectancy at birth (years),PUBLISHED,Published,2012,2012,SEAR,South_East Asia,WB_LMI,Lower_middle_income,THA,Thailand,BTSX,Both sexes,75,75.0
Timor_Leste,1,1,4,0.1062,WHOSIS_000001,Life expectancy at birth (years),PUBLISHED,Published,2012,2012,SEAR,South_East Asia,WB_LMI,Lower_middle_income,TLS,Timor_Leste,BTSX,Both sexes,66,66.0
Togo,36,2,19,1.0089,WHOSIS_000001,Life expectancy at birth (years),PUBLISHED,Published,2012,2012,AFR,Africa,WB_LI,Low_income,TGO,Togo,BTSX,Both sexes,58,58.0
Tonga,36,21,5,1.0974,WHOSIS_000001,Life expectancy at birth (years),PUBLISHED,Published,2012,2012,WPR,Western Pacific,WB_LMI,Lower_middle_income,TON,Tonga,BTSX,Both sexes,71,71.0
Trinidad and Tobago,197,156,7,6.372000000000001,WHOSIS_000001,Life expectancy at birth (years),PUBLISHED,Published,2012,2012,AMR,Americas,WB_HI,High_income,TTO,Trinidad and Tobago,BTSX,Both sexes,70,70.0
Tunisia,51,3,20,1.3098,WHOSIS_000001,Life expectancy at birth (years),PUBLISHED,Published,2012,2012,EMR,Eastern Mediterranean,WB_LMI,Lower_middle_income,TUN,Tunisia,BTSX,Both sexes,76,76.0
Turkey,51,22,7,1.416,WHOSIS_000001,Life expectancy at birth (years),PUBLISHED,Published,2012,2012,EUR,Europe,WB_UMI,Upper_middle_income,TUR,Turkey,BTSX,Both sexes,75,75.0
Turkmenistan,19,71,32,2.1594,WHOSIS_000001,Life expectancy at birth (years),PUBLISHED,Published,2012,2012,EUR,Europe,WB_LMI,Lower_middle_income,TKM,Turkmenistan,BTSX,Both sexes,63,63.0
Tuvalu,6,41,9,0.9912,WHOSIS_000001,Life expectancy at birth (years),PUBLISHED,Published,2012,2012,WPR,Western Pacific,WB_UMI,Upper_middle_income,TUV,Tuvalu,BTSX,Both sexes,68,68.0
Uganda,45,9,0,0.9558,WHOSIS_000001,Life expectancy at birth (years),PUBLISHED,Published,2012,2012,AFR,Africa,WB_LI,Low_income,UGA,Uganda,BTSX,Both sexes,57,57.0
Ukraine,206,237,45,8.637599999999999,WHOSIS_000001,Life expectancy at birth (years),PUBLISHED,Published,2012,2012,EUR,Europe,WB_LMI,Lower_middle_income,UKR,Ukraine,BTSX,Both sexes,71,71.0
United Arab Emirates,16,135,5,2.7612,WHOSIS_000001,Life expectancy at birth (years),PUBLISHED,Published,2012,2012,EMR,Eastern Mediterranean,WB_HI,High_income,ARE,United Arab Emirates,BTSX,Both sexes,76,76.0
United Kingdom of Great Britain and Northern Ireland,219,126,195,9.558,WHOSIS_000001,Life expectancy at birth (years),PUBLISHED,Published,2012,2012,EUR,Europe,WB_HI,High_income,GBR,United Kingdom of Great Britain and Northern Ireland,BTSX,Both sexes,81,81.0
Uruguay,115,35,220,6.549,WHOSIS_000001,Life expectancy at birth (years),PUBLISHED,Published,2012,2012,AMR,Americas,WB_UMI,Upper_middle_income,URY,Uruguay,BTSX,Both sexes,77,77.0
United States of America,249,158,84,8.690700000000001,WHOSIS_000001,Life expectancy at birth (years),PUBLISHED,Published,2012,2012,AMR,Americas,WB_HI,High_income,USA,United States of America,BTSX,Both sexes,79,79.0
Uzbekistan,25,101,8,2.3718,WHOSIS_000001,Life expectancy at birth (years),PUBLISHED,Published,2012,2012,EUR,Europe,WB_LI,Low_income,UZB,Uzbekistan,BTSX,Both sexes,69,69.0
Vanuatu,21,18,11,0.8849999999999999,WHOSIS_000001,Life expectancy at birth (years),PUBLISHED,Published,2012,2012,WPR,Western Pacific,WB_LMI,Lower_middle_income,VUT,Vanuatu,BTSX,Both sexes,72,72.0
Venezuela (Bolivarian Republic of),333,100,3,7.717199999999999,WHOSIS_000001,Life expectancy at birth (years),PUBLISHED,Published,2012,2012,AMR,Americas,WB_UMI,Upper_middle_income,VEN,Venezuela (Bolivarian Republic of),BTSX,Both sexes,76,76.0
Viet Nam,111,2,1,2.0178,WHOSIS_000001,Life expectancy at birth (years),PUBLISHED,Published,2012,2012,WPR,Western Pacific,WB_LI,Low_income,VNM,Viet Nam,BTSX,Both sexes,76,76.0
Yemen,6,0,0,0.1062,WHOSIS_000001,Life expectancy at birth (years),PUBLISHED,Published,2012,2012,EMR,Eastern Mediterranean,WB_LI,Low_income,YEM,Yemen,BTSX,Both sexes,64,64.0
Zambia,32,19,4,0.9735,WHOSIS_000001,Life expectancy at birth (years),PUBLISHED,Published,2012,2012,AFR,Africa,WB_LI,Low_income,ZMB,Zambia,BTSX,Both sexes,57,57.0
Zimbabwe,64,18,4,1.5222,WHOSIS_000001,Life expectancy at birth (years),PUBLISHED,Published,2012,2012,AFR,Africa,WB_LI,Low_income,ZWE,Zimbabwe,BTSX,Both sexes,58,58.0
